{
    "resolution": {
        "width": 1280,
        "height": 800
    },
    "cameraIntrinsics": {
        "rows": 3,
        "cols": 3,
        "type": 6,
        "data": [
            903.9662433,
            0,
            621.4691773,
            0,
            900.0051097,
            414.6943466,
            0,
            0,
            1
        ]
    },
    "distCoeffs": {
        "rows": 1,
        "cols": 8,
        "type": 6,
        "data": [
            0.04493025911,
            -0.05807444667,
            -0.001152569548,
            0.0002278917637,
            0.01223342574,
            -0.00258617951,
            0.008741221998,
            0.004591501963
        ]
    },
    "observations": [],
    "calobjectWarp": [],
    "calobjectSize": {
        "width": 0,
        "height": 0
    },
    "calobjectSpacing": 0
}