{
    "resolution": {
        "width": 1280,
        "height": 800
    },
    "cameraIntrinsics": {
        "rows": 3,
        "cols": 3,
        "type": 6,
        "data": [
            911.5869553,
            0,
            639.884881,
            0,
            907.3447127,
            430.87413,
            0,
            0,
            1
        ]
    },
    "distCoeffs": {
        "rows": 1,
        "cols": 8,
        "type": 6,
        "data": [
            0.04451659174,
            -0.06175987128,
            0.0002433700415,
            0.0008923035841,
            0.01369926973,
            -0.002527595153,
            0.006650544745,
            0.00282973346
        ]
    },
    "observations": [],
    "calobjectWarp": [],
    "calobjectSize": {
        "width": 0,
        "height": 0
    },
    "calobjectSpacing": 0
}